id,day,prize,sig,url
ktd-2025-08-11-001,2025-08-11,chupetines,524ee067c4fca422758a0d9e44764b0dc4f6283e9600142a821c8b0746f0e25e,https://pulserasktdrallounge.vercel.app/jugar?id=ktd-2025-08-11-001&sig=524ee067c4fca422758a0d9e44764b0dc4f6283e9600142a821c8b0746f0e25e
ktd-2025-08-11-002,2025-08-11,chupetines,127345b2ec6e8a788bc4fab0a485ec6a62561fb27924f3bea532a67c5f98aa24,https://pulserasktdrallounge.vercel.app/jugar?id=ktd-2025-08-11-002&sig=127345b2ec6e8a788bc4fab0a485ec6a62561fb27924f3bea532a67c5f98aa24
ktd-2025-08-11-003,2025-08-11,cigarrillos,f502c000dffa6126a5b8ab77ebc91ebc441ce9e7be4036a3ea7d5a703b323f55,https://pulserasktdrallounge.vercel.app/jugar?id=ktd-2025-08-11-003&sig=f502c000dffa6126a5b8ab77ebc91ebc441ce9e7be4036a3ea7d5a703b323f55
ktd-2025-08-11-004,2025-08-11,chupetines,9331977f44fcff2c344eaef9176fbbb560f20cee291c55c7f083ab5317b56ad0,https://pulserasktdrallounge.vercel.app/jugar?id=ktd-2025-08-11-004&sig=9331977f44fcff2c344eaef9176fbbb560f20cee291c55c7f083ab5317b56ad0
ktd-2025-08-11-005,2025-08-11,trident,02b8882db95dc52d02f7f47f8e0bd882bc86e0b0b0e9d5dc8aec7c70d9bc99d9,https://pulserasktdrallounge.vercel.app/jugar?id=ktd-2025-08-11-005&sig=02b8882db95dc52d02f7f47f8e0bd882bc86e0b0b0e9d5dc8aec7c70d9bc99d9
ktd-2025-08-11-006,2025-08-11,cigarrillos,85321e2ad057fb1dffe509e13ba608700432154507e014a11a844884dec4323b,https://pulserasktdrallounge.vercel.app/jugar?id=ktd-2025-08-11-006&sig=85321e2ad057fb1dffe509e13ba608700432154507e014a11a844884dec4323b
ktd-2025-08-11-007,2025-08-11,agua,149b231ac29025ac052e5303c451e29c18f828be3323838ef1ebd42e4913be9e,https://pulserasktdrallounge.vercel.app/jugar?id=ktd-2025-08-11-007&sig=149b231ac29025ac052e5303c451e29c18f828be3323838ef1ebd42e4913be9e
ktd-2025-08-11-008,2025-08-11,cerebritos,25c26c7ef71db862ccbf964e9b8c62bbe3a2fbefe91a7a98051f3a0d68967578,https://pulserasktdrallounge.vercel.app/jugar?id=ktd-2025-08-11-008&sig=25c26c7ef71db862ccbf964e9b8c62bbe3a2fbefe91a7a98051f3a0d68967578
ktd-2025-08-11-009,2025-08-11,cigarrillos,1874d92daf3e2adee6fddfa53aba49d908047832220fcbb1825158bae31edc0d,https://pulserasktdrallounge.vercel.app/jugar?id=ktd-2025-08-11-009&sig=1874d92daf3e2adee6fddfa53aba49d908047832220fcbb1825158bae31edc0d
ktd-2025-08-11-010,2025-08-11,trident,168cc6d1470f4e4ef2d53fe55cc202e5814126ece3e03571f4a6b4ac8aee6603,https://pulserasktdrallounge.vercel.app/jugar?id=ktd-2025-08-11-010&sig=168cc6d1470f4e4ef2d53fe55cc202e5814126ece3e03571f4a6b4ac8aee6603
ktd-2025-08-11-011,2025-08-11,cerebritos,3aab84a2ab11dbb78ef317bc8b31e2b43f149d23b2252b309e160de1b2f1ca5f,https://pulserasktdrallounge.vercel.app/jugar?id=ktd-2025-08-11-011&sig=3aab84a2ab11dbb78ef317bc8b31e2b43f149d23b2252b309e160de1b2f1ca5f
ktd-2025-08-11-012,2025-08-11,agua,c2d3f5f9152179a78680c6a56f72fc8b33ac1ff282bf1381431bb8c632f59c52,https://pulserasktdrallounge.vercel.app/jugar?id=ktd-2025-08-11-012&sig=c2d3f5f9152179a78680c6a56f72fc8b33ac1ff282bf1381431bb8c632f59c52
ktd-2025-08-11-013,2025-08-11,agua,221eb05b29fb1aa2dc9cdda21c9123e6087598faf0c64cb2e961ecd88c2cd435,https://pulserasktdrallounge.vercel.app/jugar?id=ktd-2025-08-11-013&sig=221eb05b29fb1aa2dc9cdda21c9123e6087598faf0c64cb2e961ecd88c2cd435
ktd-2025-08-11-014,2025-08-11,agua,14cd58bae7a8b1f50daafea6682cd6de8d7d97c7adacffc3d6c45c4b4578ec90,https://pulserasktdrallounge.vercel.app/jugar?id=ktd-2025-08-11-014&sig=14cd58bae7a8b1f50daafea6682cd6de8d7d97c7adacffc3d6c45c4b4578ec90
ktd-2025-08-11-015,2025-08-11,popcorn,a18b1c8c85e63759efc65f2e1ea85f75dc9aaf059baf2d556db534c28cbeb19e,https://pulserasktdrallounge.vercel.app/jugar?id=ktd-2025-08-11-015&sig=a18b1c8c85e63759efc65f2e1ea85f75dc9aaf059baf2d556db534c28cbeb19e
ktd-2025-08-11-016,2025-08-11,chupetines,bd4ec6993e2eb24ad119773f68f18625224cf758ee4e7da7977a0bbf3248a79a,https://pulserasktdrallounge.vercel.app/jugar?id=ktd-2025-08-11-016&sig=bd4ec6993e2eb24ad119773f68f18625224cf758ee4e7da7977a0bbf3248a79a
ktd-2025-08-11-017,2025-08-11,agua,f857285119d8ca08b5a2951423035f5492a8e60eea7da4566c7ad0fc86bcca0a,https://pulserasktdrallounge.vercel.app/jugar?id=ktd-2025-08-11-017&sig=f857285119d8ca08b5a2951423035f5492a8e60eea7da4566c7ad0fc86bcca0a
ktd-2025-08-11-018,2025-08-11,chupetines,01416edc1176efc168d5555fc648d132679db362a7f86f6c74a0e8e0cd8e9de7,https://pulserasktdrallounge.vercel.app/jugar?id=ktd-2025-08-11-018&sig=01416edc1176efc168d5555fc648d132679db362a7f86f6c74a0e8e0cd8e9de7
ktd-2025-08-11-019,2025-08-11,chupetines,281d6dba8d30cb13fb9627c11826bffe4f96cdd07551aba8664a27c8a70bc40c,https://pulserasktdrallounge.vercel.app/jugar?id=ktd-2025-08-11-019&sig=281d6dba8d30cb13fb9627c11826bffe4f96cdd07551aba8664a27c8a70bc40c
ktd-2025-08-11-020,2025-08-11,chupetines,97989f2040398c75f49b00f934d6717acb5e7d6753a4abf27d40fdb4fd362fea,https://pulserasktdrallounge.vercel.app/jugar?id=ktd-2025-08-11-020&sig=97989f2040398c75f49b00f934d6717acb5e7d6753a4abf27d40fdb4fd362fea
ktd-2025-08-11-021,2025-08-11,popcorn,00cd7551d140c6e4bb9fd58b677441ce173faa25b5e9f121cf271d638793e377,https://pulserasktdrallounge.vercel.app/jugar?id=ktd-2025-08-11-021&sig=00cd7551d140c6e4bb9fd58b677441ce173faa25b5e9f121cf271d638793e377
ktd-2025-08-11-022,2025-08-11,agua,50a8ac5b3c5871270f5b640e2a05cd91a8ddfef4c3571d47fd0f28b463a17b84,https://pulserasktdrallounge.vercel.app/jugar?id=ktd-2025-08-11-022&sig=50a8ac5b3c5871270f5b640e2a05cd91a8ddfef4c3571d47fd0f28b463a17b84
ktd-2025-08-11-023,2025-08-11,trident,c62718e2eb5d5a9ed73e90635c970fd5937b7b89c340138101b50bb538047afe,https://pulserasktdrallounge.vercel.app/jugar?id=ktd-2025-08-11-023&sig=c62718e2eb5d5a9ed73e90635c970fd5937b7b89c340138101b50bb538047afe
ktd-2025-08-11-024,2025-08-11,chupetines,6d1bf1df652471e9e4298d35a6d40ac0056ff7a375397d9a8111b39f4c19041b,https://pulserasktdrallounge.vercel.app/jugar?id=ktd-2025-08-11-024&sig=6d1bf1df652471e9e4298d35a6d40ac0056ff7a375397d9a8111b39f4c19041b
ktd-2025-08-11-025,2025-08-11,trident,2f561819af26013e93c3cd05af6825a3659631d65bebacae025d7077fcc40cac,https://pulserasktdrallounge.vercel.app/jugar?id=ktd-2025-08-11-025&sig=2f561819af26013e93c3cd05af6825a3659631d65bebacae025d7077fcc40cac
ktd-2025-08-11-026,2025-08-11,chupetines,1e14760f19a362d1326cbe4a12d6f62da1b0ed899dff54656decf586d735a8c2,https://pulserasktdrallounge.vercel.app/jugar?id=ktd-2025-08-11-026&sig=1e14760f19a362d1326cbe4a12d6f62da1b0ed899dff54656decf586d735a8c2
ktd-2025-08-11-027,2025-08-11,chupetines,8934d129eb26eaf4579f60831386ae3a6ad6f4944912612b9d7d027abbc2dc29,https://pulserasktdrallounge.vercel.app/jugar?id=ktd-2025-08-11-027&sig=8934d129eb26eaf4579f60831386ae3a6ad6f4944912612b9d7d027abbc2dc29
ktd-2025-08-11-028,2025-08-11,popcorn,13df2cc9ba44c2a48c84daa625226bd507d8d157bb2fa8344de52c76d654b5f1,https://pulserasktdrallounge.vercel.app/jugar?id=ktd-2025-08-11-028&sig=13df2cc9ba44c2a48c84daa625226bd507d8d157bb2fa8344de52c76d654b5f1
ktd-2025-08-11-029,2025-08-11,chupetines,ee03a1c89bdca064a0dba8ee794a52291b9124084fe5be969d1a3e49b908d3df,https://pulserasktdrallounge.vercel.app/jugar?id=ktd-2025-08-11-029&sig=ee03a1c89bdca064a0dba8ee794a52291b9124084fe5be969d1a3e49b908d3df
ktd-2025-08-11-030,2025-08-11,popcorn,59f174ac6d50ac29e09734ce8dd2d932d2c05d84e5822a5835cd13a6bfebbf1c,https://pulserasktdrallounge.vercel.app/jugar?id=ktd-2025-08-11-030&sig=59f174ac6d50ac29e09734ce8dd2d932d2c05d84e5822a5835cd13a6bfebbf1c
ktd-2025-08-11-031,2025-08-11,cigarrillos,737d629e46af43c13d1a4677f89939f3e059fe134609221c88b5f64fd3e00afd,https://pulserasktdrallounge.vercel.app/jugar?id=ktd-2025-08-11-031&sig=737d629e46af43c13d1a4677f89939f3e059fe134609221c88b5f64fd3e00afd
ktd-2025-08-11-032,2025-08-11,cigarrillos,685e9f0f0f9cf548ae9e84ac69c4a2553388f52aebc9f299d06aef39f4ea497b,https://pulserasktdrallounge.vercel.app/jugar?id=ktd-2025-08-11-032&sig=685e9f0f0f9cf548ae9e84ac69c4a2553388f52aebc9f299d06aef39f4ea497b
ktd-2025-08-11-033,2025-08-11,cigarrillos,ebb73c311ef8ed29b9be0376ed8afcb20a18a09e46cb6d6f312175e9be0ac69b,https://pulserasktdrallounge.vercel.app/jugar?id=ktd-2025-08-11-033&sig=ebb73c311ef8ed29b9be0376ed8afcb20a18a09e46cb6d6f312175e9be0ac69b
ktd-2025-08-11-034,2025-08-11,trident,196d04b04c24da74aef3d01661296521345b4732eca8b391ba5583b5f4a70150,https://pulserasktdrallounge.vercel.app/jugar?id=ktd-2025-08-11-034&sig=196d04b04c24da74aef3d01661296521345b4732eca8b391ba5583b5f4a70150
ktd-2025-08-11-035,2025-08-11,cigarrillos,11e76e4e487cedf9d1c60aec35374b98feb0b8997fae0f739cfab940c0afc0fe,https://pulserasktdrallounge.vercel.app/jugar?id=ktd-2025-08-11-035&sig=11e76e4e487cedf9d1c60aec35374b98feb0b8997fae0f739cfab940c0afc0fe
ktd-2025-08-11-036,2025-08-11,cerebritos,b47d1783a4a672eea533a0f3ac702ea7a23a7b6922690ce521eaed34eaf7485b,https://pulserasktdrallounge.vercel.app/jugar?id=ktd-2025-08-11-036&sig=b47d1783a4a672eea533a0f3ac702ea7a23a7b6922690ce521eaed34eaf7485b
ktd-2025-08-11-037,2025-08-11,trident,a9842c4ab02a69e4ab2207561dab7a9f15cac5f5ff36bd3bf48154b2b990565a,https://pulserasktdrallounge.vercel.app/jugar?id=ktd-2025-08-11-037&sig=a9842c4ab02a69e4ab2207561dab7a9f15cac5f5ff36bd3bf48154b2b990565a
ktd-2025-08-11-038,2025-08-11,cerebritos,2f1a499a0ba04a2c9d89c4fc4c121769bd5dc74b536f2b686537be9286ebafad,https://pulserasktdrallounge.vercel.app/jugar?id=ktd-2025-08-11-038&sig=2f1a499a0ba04a2c9d89c4fc4c121769bd5dc74b536f2b686537be9286ebafad
ktd-2025-08-11-039,2025-08-11,agua,dadfff7abe4452eaaa2b5e0e92146c02634e097ea67203773eb958469602f778,https://pulserasktdrallounge.vercel.app/jugar?id=ktd-2025-08-11-039&sig=dadfff7abe4452eaaa2b5e0e92146c02634e097ea67203773eb958469602f778
ktd-2025-08-11-040,2025-08-11,agua,19b164c9837ecaa44bee0409e98b84d0acd184c722b497e3a1bf8131e9a254f7,https://pulserasktdrallounge.vercel.app/jugar?id=ktd-2025-08-11-040&sig=19b164c9837ecaa44bee0409e98b84d0acd184c722b497e3a1bf8131e9a254f7
ktd-2025-08-11-041,2025-08-11,cerebritos,7915fd69e572e0faf69ca95371f8efc5ee232e2a31c0f166f21bd90ea4b0a318,https://pulserasktdrallounge.vercel.app/jugar?id=ktd-2025-08-11-041&sig=7915fd69e572e0faf69ca95371f8efc5ee232e2a31c0f166f21bd90ea4b0a318
ktd-2025-08-11-042,2025-08-11,popcorn,799c48c45eaa3afea4b877403106c34da13eb4cf6f7d55611ad57d14804613dc,https://pulserasktdrallounge.vercel.app/jugar?id=ktd-2025-08-11-042&sig=799c48c45eaa3afea4b877403106c34da13eb4cf6f7d55611ad57d14804613dc
ktd-2025-08-11-043,2025-08-11,trident,55f8b7bfdbabbbb6a9e7614f920f880378450b398ddcba8c4b5f50e8acfd134c,https://pulserasktdrallounge.vercel.app/jugar?id=ktd-2025-08-11-043&sig=55f8b7bfdbabbbb6a9e7614f920f880378450b398ddcba8c4b5f50e8acfd134c
ktd-2025-08-11-044,2025-08-11,cigarrillos,b9edaada47694633f3f08ccf3044c2e92a0d6fdb5923b2359bb261250161ea0b,https://pulserasktdrallounge.vercel.app/jugar?id=ktd-2025-08-11-044&sig=b9edaada47694633f3f08ccf3044c2e92a0d6fdb5923b2359bb261250161ea0b
ktd-2025-08-11-045,2025-08-11,chupetines,b715f22c8f47ce2d9e828d65edb0d8f71860972d1854cf52e1d875a78362ea34,https://pulserasktdrallounge.vercel.app/jugar?id=ktd-2025-08-11-045&sig=b715f22c8f47ce2d9e828d65edb0d8f71860972d1854cf52e1d875a78362ea34
ktd-2025-08-11-046,2025-08-11,popcorn,f6280d71f2d94788358f1adc172c27be4b9b3b8837f8b4257cd140f3a8094d18,https://pulserasktdrallounge.vercel.app/jugar?id=ktd-2025-08-11-046&sig=f6280d71f2d94788358f1adc172c27be4b9b3b8837f8b4257cd140f3a8094d18
ktd-2025-08-11-047,2025-08-11,chupetines,52099b871ca15313e7f618fff4edd93bd92c6404de5f5e9f11472dca21562b7f,https://pulserasktdrallounge.vercel.app/jugar?id=ktd-2025-08-11-047&sig=52099b871ca15313e7f618fff4edd93bd92c6404de5f5e9f11472dca21562b7f
ktd-2025-08-11-048,2025-08-11,chupetines,6e19aaad21d565a5dc1827872edeec92db16894b568f39fcb171f4dcf4826f93,https://pulserasktdrallounge.vercel.app/jugar?id=ktd-2025-08-11-048&sig=6e19aaad21d565a5dc1827872edeec92db16894b568f39fcb171f4dcf4826f93
ktd-2025-08-11-049,2025-08-11,cerebritos,c5857f3bf78d548e74e809b3064bf1af7cb45582743cfed36df9fbc04fa8c39b,https://pulserasktdrallounge.vercel.app/jugar?id=ktd-2025-08-11-049&sig=c5857f3bf78d548e74e809b3064bf1af7cb45582743cfed36df9fbc04fa8c39b
ktd-2025-08-11-050,2025-08-11,chupetines,ac50e5c5e3f964e95833b9a1ba10e022cbecbea0b89e01f0e5ca4391bc5408a7,https://pulserasktdrallounge.vercel.app/jugar?id=ktd-2025-08-11-050&sig=ac50e5c5e3f964e95833b9a1ba10e022cbecbea0b89e01f0e5ca4391bc5408a7
ktd-2025-08-11-051,2025-08-11,chupetines,5a3ccd56ba4993c49593f02c2da89bcb2357caabced778b981fe5fd6207505af,https://pulserasktdrallounge.vercel.app/jugar?id=ktd-2025-08-11-051&sig=5a3ccd56ba4993c49593f02c2da89bcb2357caabced778b981fe5fd6207505af
ktd-2025-08-11-052,2025-08-11,cerebritos,dd737b06894ec5678fcfc3f96f8c9a51306678d77c998d413ebaf86842657a15,https://pulserasktdrallounge.vercel.app/jugar?id=ktd-2025-08-11-052&sig=dd737b06894ec5678fcfc3f96f8c9a51306678d77c998d413ebaf86842657a15
ktd-2025-08-11-053,2025-08-11,trident,5ef8faa205e8ff45c2fad03a94553eb06b7a1ea09a727ef817842cd5b3d9ad01,https://pulserasktdrallounge.vercel.app/jugar?id=ktd-2025-08-11-053&sig=5ef8faa205e8ff45c2fad03a94553eb06b7a1ea09a727ef817842cd5b3d9ad01
ktd-2025-08-11-054,2025-08-11,cigarrillos,c1bf55d46859da5a312bc7a10c50afc1a7f496c116e8aedc1244a1d37bbec1cd,https://pulserasktdrallounge.vercel.app/jugar?id=ktd-2025-08-11-054&sig=c1bf55d46859da5a312bc7a10c50afc1a7f496c116e8aedc1244a1d37bbec1cd
ktd-2025-08-11-055,2025-08-11,trident,aab465169f447a386793d0744df425057d27ea0cbd417825b95fd094d439418a,https://pulserasktdrallounge.vercel.app/jugar?id=ktd-2025-08-11-055&sig=aab465169f447a386793d0744df425057d27ea0cbd417825b95fd094d439418a
ktd-2025-08-11-056,2025-08-11,popcorn,95ad8445157a4e979ebcc940ea0e8a55b3f738138117d07edf69199909f41ffc,https://pulserasktdrallounge.vercel.app/jugar?id=ktd-2025-08-11-056&sig=95ad8445157a4e979ebcc940ea0e8a55b3f738138117d07edf69199909f41ffc
ktd-2025-08-11-057,2025-08-11,agua,61a225a80e353a8836cab7572c8d11b3f7d16e2dfb441c6ad1f4e70487260506,https://pulserasktdrallounge.vercel.app/jugar?id=ktd-2025-08-11-057&sig=61a225a80e353a8836cab7572c8d11b3f7d16e2dfb441c6ad1f4e70487260506
ktd-2025-08-11-058,2025-08-11,cerebritos,2a5d7c55e66ae0d107b7857fed4e999842a2c586f8de44b1b256af380389aa48,https://pulserasktdrallounge.vercel.app/jugar?id=ktd-2025-08-11-058&sig=2a5d7c55e66ae0d107b7857fed4e999842a2c586f8de44b1b256af380389aa48
ktd-2025-08-11-059,2025-08-11,trident,89ffe16177b758e1d9a74446c21e3db4d55657a34813386cad351ee4cd36017a,https://pulserasktdrallounge.vercel.app/jugar?id=ktd-2025-08-11-059&sig=89ffe16177b758e1d9a74446c21e3db4d55657a34813386cad351ee4cd36017a
ktd-2025-08-11-060,2025-08-11,chupetines,a766c3ad44dcfdef76aa5453e0927c75a89ceda9e8d391f1243008805200ab5e,https://pulserasktdrallounge.vercel.app/jugar?id=ktd-2025-08-11-060&sig=a766c3ad44dcfdef76aa5453e0927c75a89ceda9e8d391f1243008805200ab5e
ktd-2025-08-11-061,2025-08-11,trident,2d684e0611ffa7cf73128bba52f6a456c5a4aa58db21f1734a74d002a302b840,https://pulserasktdrallounge.vercel.app/jugar?id=ktd-2025-08-11-061&sig=2d684e0611ffa7cf73128bba52f6a456c5a4aa58db21f1734a74d002a302b840
ktd-2025-08-11-062,2025-08-11,popcorn,83a59026e2bf9204a1f8fb4c7d7041667783c46f4e63550bbfd92a73ae343f8a,https://pulserasktdrallounge.vercel.app/jugar?id=ktd-2025-08-11-062&sig=83a59026e2bf9204a1f8fb4c7d7041667783c46f4e63550bbfd92a73ae343f8a
ktd-2025-08-11-063,2025-08-11,trident,cc68ac4d165ec16b5a6919de9024c8b64c08870f1c7f0e00eb52cc73b57e9e30,https://pulserasktdrallounge.vercel.app/jugar?id=ktd-2025-08-11-063&sig=cc68ac4d165ec16b5a6919de9024c8b64c08870f1c7f0e00eb52cc73b57e9e30
ktd-2025-08-11-064,2025-08-11,agua,ddf05c289ba65e7e47bfcd78e6d95e2295affb57b3d1e56f87445e2e9d4b5641,https://pulserasktdrallounge.vercel.app/jugar?id=ktd-2025-08-11-064&sig=ddf05c289ba65e7e47bfcd78e6d95e2295affb57b3d1e56f87445e2e9d4b5641
ktd-2025-08-11-065,2025-08-11,chupetines,27db636b015fbb1bdebcb62d53be30775fb2576c667b15839980319549553902,https://pulserasktdrallounge.vercel.app/jugar?id=ktd-2025-08-11-065&sig=27db636b015fbb1bdebcb62d53be30775fb2576c667b15839980319549553902
ktd-2025-08-11-066,2025-08-11,chupetines,d7f936cc1930e3728633f0b6756bb51b566fe661b533a3c7b09bb126c7866f37,https://pulserasktdrallounge.vercel.app/jugar?id=ktd-2025-08-11-066&sig=d7f936cc1930e3728633f0b6756bb51b566fe661b533a3c7b09bb126c7866f37
ktd-2025-08-11-067,2025-08-11,chupetines,600ecc0b5179ce709df96e506bb2e5da9a83abe2a81d384e26b759b4a0f8cec6,https://pulserasktdrallounge.vercel.app/jugar?id=ktd-2025-08-11-067&sig=600ecc0b5179ce709df96e506bb2e5da9a83abe2a81d384e26b759b4a0f8cec6
ktd-2025-08-11-068,2025-08-11,popcorn,f7de505ba207bceb198e01b5f9df9de5c2ff75964cf26bc7d9e9170c3aa02433,https://pulserasktdrallounge.vercel.app/jugar?id=ktd-2025-08-11-068&sig=f7de505ba207bceb198e01b5f9df9de5c2ff75964cf26bc7d9e9170c3aa02433
ktd-2025-08-11-069,2025-08-11,cigarrillos,2eacc536cc2a060b708ff7c97175fcc1f50a1284fcd6c6a8f56384851fe98129,https://pulserasktdrallounge.vercel.app/jugar?id=ktd-2025-08-11-069&sig=2eacc536cc2a060b708ff7c97175fcc1f50a1284fcd6c6a8f56384851fe98129
ktd-2025-08-11-070,2025-08-11,agua,50adec6d2aa56a4c223cae9e2d1aca787419dafb111f582181614e5d828c7ab1,https://pulserasktdrallounge.vercel.app/jugar?id=ktd-2025-08-11-070&sig=50adec6d2aa56a4c223cae9e2d1aca787419dafb111f582181614e5d828c7ab1
ktd-2025-08-11-071,2025-08-11,agua,4b55c0bce5ff036f2e177180eec0606e4b6c7a49fe759017e9cbb76259203ef7,https://pulserasktdrallounge.vercel.app/jugar?id=ktd-2025-08-11-071&sig=4b55c0bce5ff036f2e177180eec0606e4b6c7a49fe759017e9cbb76259203ef7
ktd-2025-08-11-072,2025-08-11,cerebritos,25d5067172f337746810a6a12742546e7aed31b67b2ae76e9bc8ec535677c147,https://pulserasktdrallounge.vercel.app/jugar?id=ktd-2025-08-11-072&sig=25d5067172f337746810a6a12742546e7aed31b67b2ae76e9bc8ec535677c147
ktd-2025-08-11-073,2025-08-11,chupetines,0f1518239f607a82db8f1c68dc778a79e091caecb2b915ee81d2f70896a3033c,https://pulserasktdrallounge.vercel.app/jugar?id=ktd-2025-08-11-073&sig=0f1518239f607a82db8f1c68dc778a79e091caecb2b915ee81d2f70896a3033c
ktd-2025-08-11-074,2025-08-11,chupetines,6393a44c63ceb7523ce5006e603afe727b957850b005c0ef56eeaf8af0f64425,https://pulserasktdrallounge.vercel.app/jugar?id=ktd-2025-08-11-074&sig=6393a44c63ceb7523ce5006e603afe727b957850b005c0ef56eeaf8af0f64425
ktd-2025-08-11-075,2025-08-11,popcorn,f2789e452d856a982b3d6724beccb8fede34b16dc227f827017c1cfcefdae41f,https://pulserasktdrallounge.vercel.app/jugar?id=ktd-2025-08-11-075&sig=f2789e452d856a982b3d6724beccb8fede34b16dc227f827017c1cfcefdae41f
ktd-2025-08-11-076,2025-08-11,popcorn,dda855c5cb095cfb27325419f74204d723b8d6a94154752740b5a64c813091b9,https://pulserasktdrallounge.vercel.app/jugar?id=ktd-2025-08-11-076&sig=dda855c5cb095cfb27325419f74204d723b8d6a94154752740b5a64c813091b9
ktd-2025-08-11-077,2025-08-11,cigarrillos,25e195531a440573da80644b37f28678485ac909a34da635368ed9b5f871979a,https://pulserasktdrallounge.vercel.app/jugar?id=ktd-2025-08-11-077&sig=25e195531a440573da80644b37f28678485ac909a34da635368ed9b5f871979a
ktd-2025-08-11-078,2025-08-11,agua,3852fc2de4a14e15656641a52485fd739642924cd02fb5fb8afe072776ef1fee,https://pulserasktdrallounge.vercel.app/jugar?id=ktd-2025-08-11-078&sig=3852fc2de4a14e15656641a52485fd739642924cd02fb5fb8afe072776ef1fee
ktd-2025-08-11-079,2025-08-11,trident,bdb3f82348e5c2ac9f129d33a697961fdda1dd0e813a35d7caad11b207f39fa7,https://pulserasktdrallounge.vercel.app/jugar?id=ktd-2025-08-11-079&sig=bdb3f82348e5c2ac9f129d33a697961fdda1dd0e813a35d7caad11b207f39fa7
ktd-2025-08-11-080,2025-08-11,popcorn,da741fb3bd9f217ad266838a6c44a6198ca3230033925d8c979817336406b1a7,https://pulserasktdrallounge.vercel.app/jugar?id=ktd-2025-08-11-080&sig=da741fb3bd9f217ad266838a6c44a6198ca3230033925d8c979817336406b1a7
ktd-2025-08-11-081,2025-08-11,chupetines,6e96afe6a098e8e2f0f7878ef1c1a5e4b87b80cec49cb03c7d44d6b9ea5b4eb1,https://pulserasktdrallounge.vercel.app/jugar?id=ktd-2025-08-11-081&sig=6e96afe6a098e8e2f0f7878ef1c1a5e4b87b80cec49cb03c7d44d6b9ea5b4eb1
ktd-2025-08-11-082,2025-08-11,chupetines,d480aff66f37d05341cea7a9f9819d26cdf5c1e82a62be8c72511af9e1311c52,https://pulserasktdrallounge.vercel.app/jugar?id=ktd-2025-08-11-082&sig=d480aff66f37d05341cea7a9f9819d26cdf5c1e82a62be8c72511af9e1311c52
ktd-2025-08-11-083,2025-08-11,cerebritos,6e11706e0d6436cd30c7784b08a777cc7df3e56426c58bc62d74ffb933bd91cd,https://pulserasktdrallounge.vercel.app/jugar?id=ktd-2025-08-11-083&sig=6e11706e0d6436cd30c7784b08a777cc7df3e56426c58bc62d74ffb933bd91cd
ktd-2025-08-11-084,2025-08-11,popcorn,84390ed2818bad9bed04cac0c64428c7b04673161cb54284ee098d20ea39134c,https://pulserasktdrallounge.vercel.app/jugar?id=ktd-2025-08-11-084&sig=84390ed2818bad9bed04cac0c64428c7b04673161cb54284ee098d20ea39134c
ktd-2025-08-11-085,2025-08-11,cigarrillos,80ab5921ac5930adf898f44465cfe09ea2287d841e83ed3a933647d1ebb17c76,https://pulserasktdrallounge.vercel.app/jugar?id=ktd-2025-08-11-085&sig=80ab5921ac5930adf898f44465cfe09ea2287d841e83ed3a933647d1ebb17c76
ktd-2025-08-11-086,2025-08-11,cerebritos,8ca2a08ff3e6ee19a7f4de67e2d6e9a4586bae813d9b4bfa9ec7b5b30c17165c,https://pulserasktdrallounge.vercel.app/jugar?id=ktd-2025-08-11-086&sig=8ca2a08ff3e6ee19a7f4de67e2d6e9a4586bae813d9b4bfa9ec7b5b30c17165c
ktd-2025-08-11-087,2025-08-11,cigarrillos,77a6a76a2bc62bf92ac5e3f13b617528d8d32262b92fe082ebf13cc6638c3e92,https://pulserasktdrallounge.vercel.app/jugar?id=ktd-2025-08-11-087&sig=77a6a76a2bc62bf92ac5e3f13b617528d8d32262b92fe082ebf13cc6638c3e92
ktd-2025-08-11-088,2025-08-11,agua,653dfa44dd5fa1e1d7ea9a88b8df9a5869220f41f80e12c5425dc8bb55bd9cad,https://pulserasktdrallounge.vercel.app/jugar?id=ktd-2025-08-11-088&sig=653dfa44dd5fa1e1d7ea9a88b8df9a5869220f41f80e12c5425dc8bb55bd9cad
ktd-2025-08-11-089,2025-08-11,agua,716120d22b5ffebf8a94f5068c0ddd42106fbcba2e85dc68f5d027ae2fc99e5b,https://pulserasktdrallounge.vercel.app/jugar?id=ktd-2025-08-11-089&sig=716120d22b5ffebf8a94f5068c0ddd42106fbcba2e85dc68f5d027ae2fc99e5b
ktd-2025-08-11-090,2025-08-11,trident,6a358e808a257a1e8d3ee3a52c498161e34cbe2efea8994c8461945330346ad1,https://pulserasktdrallounge.vercel.app/jugar?id=ktd-2025-08-11-090&sig=6a358e808a257a1e8d3ee3a52c498161e34cbe2efea8994c8461945330346ad1
ktd-2025-08-11-091,2025-08-11,cerebritos,a343c85196036deaa0c9e2da980f46d66d836c08690d634d4bddb16d7d886496,https://pulserasktdrallounge.vercel.app/jugar?id=ktd-2025-08-11-091&sig=a343c85196036deaa0c9e2da980f46d66d836c08690d634d4bddb16d7d886496
ktd-2025-08-11-092,2025-08-11,cigarrillos,52051fb56013827903995b649e73c2799baff2048916a526df4fc990f3e255ad,https://pulserasktdrallounge.vercel.app/jugar?id=ktd-2025-08-11-092&sig=52051fb56013827903995b649e73c2799baff2048916a526df4fc990f3e255ad
ktd-2025-08-11-093,2025-08-11,trident,4a7c46f71ebbab7b6d24bd796b929129c11915e7323d471baf6d9bec706cacb5,https://pulserasktdrallounge.vercel.app/jugar?id=ktd-2025-08-11-093&sig=4a7c46f71ebbab7b6d24bd796b929129c11915e7323d471baf6d9bec706cacb5
ktd-2025-08-11-094,2025-08-11,cerebritos,eec6872cfc7103d6d3c716b6df3126eabc6d004d57cbb654276d5beb41ee15a2,https://pulserasktdrallounge.vercel.app/jugar?id=ktd-2025-08-11-094&sig=eec6872cfc7103d6d3c716b6df3126eabc6d004d57cbb654276d5beb41ee15a2
ktd-2025-08-11-095,2025-08-11,cigarrillos,92fb6fe4e35a650e87c32ce7056bce107bcbc68c9482757307c9f11208f8ad30,https://pulserasktdrallounge.vercel.app/jugar?id=ktd-2025-08-11-095&sig=92fb6fe4e35a650e87c32ce7056bce107bcbc68c9482757307c9f11208f8ad30
ktd-2025-08-11-096,2025-08-11,cigarrillos,befd48476b2bd28cc6c9fb58561555a22563935ce809ae1f6f00957f4788fa20,https://pulserasktdrallounge.vercel.app/jugar?id=ktd-2025-08-11-096&sig=befd48476b2bd28cc6c9fb58561555a22563935ce809ae1f6f00957f4788fa20
ktd-2025-08-11-097,2025-08-11,trident,61b8c3a048fd2976231783acc195c1a45ca58bf68fc0c4b2e8599c9e32df5519,https://pulserasktdrallounge.vercel.app/jugar?id=ktd-2025-08-11-097&sig=61b8c3a048fd2976231783acc195c1a45ca58bf68fc0c4b2e8599c9e32df5519
ktd-2025-08-11-098,2025-08-11,cerebritos,f5537e55cf8abd92f521f843efe33193bb33849954be00c51f558faf84d9d8f2,https://pulserasktdrallounge.vercel.app/jugar?id=ktd-2025-08-11-098&sig=f5537e55cf8abd92f521f843efe33193bb33849954be00c51f558faf84d9d8f2
ktd-2025-08-11-099,2025-08-11,popcorn,485401e6602e5d7a3f2a9bcb55faa96a0179f899b3036354edce3a6bef1171da,https://pulserasktdrallounge.vercel.app/jugar?id=ktd-2025-08-11-099&sig=485401e6602e5d7a3f2a9bcb55faa96a0179f899b3036354edce3a6bef1171da
ktd-2025-08-11-100,2025-08-11,agua,d6fcec08e1aa10b06b6975f57182185b15f768234020292102d95560ad9f9266,https://pulserasktdrallounge.vercel.app/jugar?id=ktd-2025-08-11-100&sig=d6fcec08e1aa10b06b6975f57182185b15f768234020292102d95560ad9f9266
ktd-2025-08-11-101,2025-08-11,popcorn,359eb1af4e88ca29f83d51e435fb57a18b382523167b14218a9dec3cd1ffd93a,https://pulserasktdrallounge.vercel.app/jugar?id=ktd-2025-08-11-101&sig=359eb1af4e88ca29f83d51e435fb57a18b382523167b14218a9dec3cd1ffd93a
ktd-2025-08-11-102,2025-08-11,cerebritos,540c27477aa1f8c6a1d42b101a1bbe2d0694d441e5dd4bd4c673f9f5a9746627,https://pulserasktdrallounge.vercel.app/jugar?id=ktd-2025-08-11-102&sig=540c27477aa1f8c6a1d42b101a1bbe2d0694d441e5dd4bd4c673f9f5a9746627
ktd-2025-08-11-103,2025-08-11,cerebritos,a56141c46ed34dfa388f6cf047e94ab8fc662268a510b265232bd78f33a3bcaf,https://pulserasktdrallounge.vercel.app/jugar?id=ktd-2025-08-11-103&sig=a56141c46ed34dfa388f6cf047e94ab8fc662268a510b265232bd78f33a3bcaf
ktd-2025-08-11-104,2025-08-11,popcorn,8886eff3cfbbaa427fd227232208a9e8da43c4d45d63342e5c5d1e3d700121da,https://pulserasktdrallounge.vercel.app/jugar?id=ktd-2025-08-11-104&sig=8886eff3cfbbaa427fd227232208a9e8da43c4d45d63342e5c5d1e3d700121da